name,type,address,위도,경도
50플러스 수영장,수영장,서울특별시 구로구 오류로 36-25,37.4905033,126.84109
가곡초등학교,기타,서울특별시 강서구 공항대로36길 74,37.5555863,126.8357391
가양레포츠센터,생활체육관,서울특별시 강서구 양천로61길 101,37.5596438,126.8649933
가양레포츠센터 어린이야구장,야구장,서울특별시 강서구 양천로61길 101,37.5596438,126.8649933
가양레포츠센터 축구장,축구장,서울특별시 강서구 양천로61길 101,37.5596438,126.8649933
가양초등학교,기타,서울특별시 강서구 허준로 186,37.5652746,126.8535207
가좌다목적구장,생활체육관,서울특별시 서대문구 백련사길 55,37.580739,126.9328558
간데메공원 농구장,농구장,서울특별시 동대문구 서울시립대로2길 59,37.5727969,127.0491358
갈산근린공원 농구장,농구장,서울특별시 양천구 안양천로539길 46,37.5048152,126.8687172
갈월종합사회복지관 수영장,수영장,서울특별시 용산구 두텁바위로 25,37.5457464,126.9748285
갈월종합사회복지관 체육관,생활체육관,서울특별시 용산구 두텁바위로 25,37.5457464,126.9748285
강남구민체육관,생활체육관,서울특별시 강남구 개포로28길 47,37.4769917,127.0518118
강남구민회관 체육교실,생활체육관,서울특별시 강남구 삼성로 154 ,37.4938844,127.0642278
강남세곡체육공원체육시설,기타,서울특별시 강남구 헌릉로 679,37.4649611,127.1044197
강남스포츠문화센터,생활체육관,서울특별시 강남구 밤고개로1길 52,37.4887622,127.1030367
강남주민편익시설,기타,서울특별시 강남구 남부순환로 3318,37.4872884,127.0476339
강남주민편익시설 수영장,수영장,서울특별시 강남구 남부순환로 3318 ,37.4872884,127.0476339
강동유소년스포츠센터,생활체육관,서울특별시 강동구 상일로12길 60,37.5538105,127.1727391
강동청소년회관 수영장,수영장,서울특별시 강동구 양재대로138길 41,37.5495874,127.145588
강북구민운동장,축구장,서울특별시 강북구 오현로 187-25,37.6291546,127.0383981
강북문화예술회관,생활체육관,서울특별시 강북구 삼각산로 85,37.6389914,127.0089573
강북문화예술회관 수영장,수영장,서울특별시 강북구 삼각산로 85,37.6389914,127.0089573
강북웰빙스포츠센터,생활체육관,서울특별시 강북구 오현로31길 51,37.6322227,127.0349297
강북웰빙스포츠센터 수영장,수영장,서울특별시 강북구 오현로31길 51 ,37.6322227,127.0349297
강북종합체육센터,생활체육관,서울특별시 강북구 솔샘로48길 14,37.6192617,127.0187259
강서개화축구장,축구장,서울특별시 강서구 개화동로8길 38,37.5792693,126.7980334
강서다목적체육관,생활체육관,서울특별시 강서구 초록마을로5길 43,37.5438177,126.8476623
강서한강공원 인공암벽장,기타,서울특별시 강서구 양천로27길 279-23,37.5800489,126.8197107
강서한강공원 족구장,기타,서울특별시 강서구 개화동 173-8,37.586723,126.8041792
강일테니스장,테니스장,서울특별시 강동구 강일동 157-2,37.56723,127.1713
강일테니스장 내 족구장,기타,서울특별시 강동구 아리수로93가길 34,37.5755468,127.169438
개운산스포츠센터,생활체육관,서울특별시 성북구 북악산로 949-60,37.6005111,127.0171049
개운산스포츠센터 수영장,수영장,서울특별시 성북구 북악산로 949-60,37.6005111,127.0171049
개운산인조잔디구장,축구장,서울특별시 성북구 북악산로 949-60,37.6005111,127.0171049
개웅산생활체육관,생활체육관,서울특별시 구로구 개봉로3길 108-20,37.4862832,126.8543655
개웅중학교,기타,서울특별시 구로구 개봉로11길 81,37.4872099,126.8556243
건강힐링문화관,생활체육관,서울특별시 양천구 남부순환로83길 54,37.5164676,126.8431517
경동고등학교,기타,서울특별시 성북구 삼선동3가 보문로29길 49,37.5867727,127.0136032
경서중학교,기타,서울특별시 강서구 양천로59길 31,37.5605236,126.859185
경수중학교,기타,서울특별시 성동구 뚝섬로13길 14,37.5399278,127.0577174
계남다목적체육관,생활체육관,서울특별시 양천구 신정로 273-5,37.5115553,126.8538609
고덕어울림수영장,수영장,서울특별시 강동구 고덕로 399 ,37.5546511,127.12719
고덕유수지야구장,야구장,서울특별시 강동구 아리수로87길 192,37.5640434,127.1719685
고척근린공원 농구장,농구장,서울특별시 구로구 고척로45길 1,37.5055725,126.8538738
고척근린공원 배드민턴장,배드민턴장,서울특별시 구로구 고척로45길 1,37.5055725,126.8538738
고척스카이돔 돔구장,기타,서울특별시 구로구 경인로 430,37.4981936,126.8670731
고척스카이돔 수영장,수영장,서울특별시 구로구 경인로 430,37.4981936,126.8670731
고척스카이돔 주차장 내 농구장,농구장,서울특별시 구로구 고척동 66-47,37.5032363,126.8588409
고척스카이돔 축구장,축구장,서울특별시 구로구 경인로 430,37.4981936,126.8670731
고척스카이돔 풋살구장,축구장,서울특별시 구로구 경인로 430,37.4981936,126.8670731
고척체육센터,생활체육관,서울특별시 구로구 경인로 430,37.4981936,126.8670731
고척체육센터 수영장,수영장,서울특별시 구로구 경인로 430,37.4981936,126.8670731
골마을근린공원 농구장,농구장,서울특별시 노원구 노원로 237,37.6381375,127.0770494
공릉동근린공원 다목적구장,기타,서울특별시 노원구 공릉동 63-1 ,37.63021,127.08818
공릉중학교 내 사격장,기타,서울특별시 노원구 노원로1길 42,37.6219958,127.0839475
공항동문화체육센터,생활체육관,서울특별시 강서구 송정로 45 ,37.5581086,126.811091
공항동문화체육센터 수영장,수영장,서울특별시 강서구 송정로 45 ,37.5581086,126.811091
공항정 국궁장,기타,서울특별시 강서구 우장산로 72,37.552872,126.8438596
관악구민운동장,기타,서울특별시 관악구 낙성대로 40,37.4781699,126.9596719
관악구민종합체육센터,생활체육관,서울특별시 관악구 낙성대로3길 37,37.4730729,126.9603435
관악구민종합체육센터 골프연습장,골프연습장,서울특별시 관악구 낙성대로3길 37 ,37.4730729,126.9603435
관악구민종합체육센터 수영장,수영장,서울특별시 관악구 낙성대로3길 37 ,37.4730729,126.9603435
관악정 궁도장,기타,서울특별시 관악구 약수암길 43-3,37.4600979,126.9333936
관악제2구민운동장,축구장,서울특별시 관악구 약수암길 43-1,37.4600979,126.9333936
관악청소년회관,생활체육관,서울특별시 관악구 신림로23길 17,37.4702102,126.9343995
관악청소년회관 수영장,수영장,서울특별시 관악구 신림로23길 17 ,37.4702102,126.9343995
관악초등학교,기타,서울특별시 관악구 청룡4길 49,37.4805626,126.9432619
광나루한강공원,기타,서울특별시 강동구 천호동 351-1,37.54294,127.12733
광나루한강공원 게이트볼장,기타,서울특별시 강동구 선사로 83-106,37.5553283,127.1253824
광나루한강공원 농구장,농구장,서울특별시 강동구 선사로 83-106,37.5553283,127.1253824
광나루한강공원 레이싱경기장,기타,서울특별시 강동구 암사동 624-3,37.5582352,127.1308542
광나루한강공원 배구장,기타,서울특별시 강동구 선사로 83-106,37.5553283,127.1253824
광나루한강공원 수영장,수영장,서울특별시 강동구 선사로 83-106,37.5553283,127.1253824
광나루한강공원 야구장,야구장,서울특별시 강동구 선사로 83-106,37.5553283,127.1253824
광나루한강공원 인라인스케이트장,기타,서울특별시 강동구 천호동 481-4,37.54294,127.12733
광나루한강공원 족구장,기타,서울특별시 강동구 선사로 83-106,37.5553283,127.1253824
광나루한강공원 테니스장,테니스장,서울특별시 강동구 선사로 83-106,37.5553283,127.1253824
광남초등학교,기타,서울특별시 광진구 아차산로70길 35,37.5410509,127.1004668
광운대학교,기타,서울특별시 노원구 광운로 21,37.6187881,127.0572145
광장동 실내배드민턴장,배드민턴장,서울특별시 광진구 천호대로140길 40,37.5444482,127.100461
광장동체육공원,기타,서울특별시 광진구 광장동 아차산로 586,37.5473784,127.105858
광진구 중랑천 파크골프장,골프연습장,서울특별시 광진구 동일로 349,37.538336,127.0619227
광진구민체육센터,생활체육관,서울특별시 광진구 구천면로 14  ,37.546317,127.1082288
광진구민체육센터 골프연습장,골프연습장,서울특별시 광진구 구천면로 14  ,37.546317,127.1082288
광진구민체육센터 수영장,수영장,서울특별시 광진구 구천면로 14  ,37.546317,127.1082288
광진문화예술회관 골프장,골프연습장,서울특별시 광진구 능동로 76 ,37.5524181,127.0770253
광진문화예술회관 수영장,수영장,서울특별시 광진구 능동로 76,37.5524181,127.0770253
광진문화예술회관 체육관,생활체육관,서울특별시 광진구 능동로 76,37.5524181,127.0770253
광진청소년센터,생활체육관,서울특별시 광진구 구천면로 2,37.546317,127.1082288
광진청소년센터 농구장,농구장,서울특별시 광진구 구천면로 2,37.546317,127.1082288
구로구 풋살경기장,축구장,서울특별시 구로구 구일로 133,37.4963802,126.8708946
구로구민체육센터,생활체육관,서울특별시 구로구 고척로45길 39,37.5055725,126.8538738
구로구민체육센터 수영장,수영장,서울특별시 구로구 고척로45길 39 ,37.5055725,126.8538738
구로초등학교,기타,서울특별시 구로구 구로중앙로27나길 9,37.4966961,126.8852087
구의야구공원,야구장,서울특별시 광진구 천호대로 580,37.546101,127.101426
구의유수지 족구장,기타,서울특별시 광진구 구의강변로 10,37.533649,127.0909059
구의초등학교,기타,서울특별시 광진구 화양동 광나루로30길 49,37.5433255,127.0814865
구일 스케이트파크,기타,서울특별시 구로구 구일로 133,37.4963802,126.8708946
국사봉체육관,생활체육관,서울특별시 관악구 국회단지길 144,37.49041,126.942216
궁동종합사회복지관 수영장,수영장,서울특별시 구로구 궁동 오리로22길 5 ,37.499034,126.82965
궁동체육관,배드민턴장,서울특별시 서대문구 연희로11마길 86-47,37.5692762,126.9255474
궁산다목적체육관,생활체육관,서울특별시 강서구 양천로49길 106 ,37.5715973,126.8400957
금나래문화체육센터,생활체육관,서울특별시 금천구 시흥대로79길 32,37.4589804,126.8961006
금나래문화체육센터 수영장,수영장,서울특별시 금천구 시흥대로79길 32 ,37.4589804,126.8961006
금나래족구장,기타,서울특별시 금천구 시흥대로63길 91,37.4557878,126.8942911
금빛휘트니스센터,생활체육관,서울특별시 금천구 금하로 668,37.4533757,126.8970755
금빛휘트니스센터 골프연습장,골프연습장,서울특별시 금천구 금하로 668,37.4533757,126.8970755
금천구 한내천파크골프장,골프연습장,서울특별시 금천구 서부샛길 418 ,37.4717412,126.8815244
금천구민문화체육센터,생활체육관,서울특별시 금천구 독산로54길 188,37.4676609,126.9091939
금천구민문화체육센터 골프연습장,골프연습장,서울특별시 금천구 독산로54길 188 ,37.4676609,126.9091939
금천구민문화체육센터 수영장,수영장,서울특별시 금천구 독산로54길 188,37.4676609,126.9091939
금천베이스볼파크,야구장,서울특별시 금천구 가산디지털2로 169-44,37.4802965,126.8789081
금천청소년센터 수영장,수영장,서울특별시 금천구 금하로30길 54 ,37.4484259,126.9156038
금천탁구회관,기타,서울특별시 금천구 시흥대로51길 93,37.4505249,126.8966062
금호공원체육관,생활체육관,서울특별시 성동구 장터1길 20,37.5488842,127.0174652
금호스포츠센터,생활체육관,서울특별시 성동구 금호로 20 ,37.5456152,127.0251825
금호유수지 배드민턴장,배드민턴장,서울특별시 성동구 금호동4가 56,37.54479,127.02339
금호초등학교,기타,서울특별시 성동구 무수막길 69,37.5508993,127.0231793
기자촌근린공원 게이트볼장,기타,서울특별시 은평구 진관동 175-104,37.6421169,126.9354305
길동초등학교,기타,서울특별시 강동구 양재대로116길 69,37.5384848,127.1448633
까치산근린공원 게이트볼장,기타,서울특별시 강서구 까치산로2길 95,37.5398236,126.8432989
까치산근린공원 농구장,농구장,서울특별시 강서구 까치산로2길 95,37.5398236,126.8432989
까치산근린공원 배드민턴장,배드민턴장,서울특별시 강서구 까치산로2길 95,37.5398236,126.8432989
까치산근린공원 족구장,기타,서울특별시 강서구 까치산로2길 95,37.5398236,126.8432989
까치산체육센터,생활체육관,서울특별시 관악구 행운10길 23,37.481992,126.9617455
꿩고개근린공원 게이트볼장,기타,서울특별시 강서구 금낭화로17길 115,37.57531,126.8089735
난지천인조잔디축구장,축구장,서울특별시 마포구 상암동 1538 ,37.5715723,126.8728063
난지한강공원 X게임장,기타,서울특별시 마포구 한강난지로 162,37.563795,126.8839974
난지한강공원 농구장,농구장,서울특별시 마포구 한강난지로 162,37.563795,126.8839974
난지한강공원 야구장,야구장,서울특별시 마포구 한강난지로 162,37.563795,126.8839974
난지한강공원 인라인스케이트장,기타,서울특별시 마포구 한강난지로 162,37.563795,126.8839974
난지한강공원 자전거공원,기타,서울특별시 마포구 한강난지로 162,37.563795,126.8839974
난지한강공원 족구장,기타,서울특별시 마포구 한강난지로 162,37.563795,126.8839974
난지한강공원 풋살경기장,축구장,서울특별시 마포구 한강난지로 162,37.563795,126.8839974
남부초등학교,기타,서울특별시 관악구 남부순환로163길 14,37.4849492,126.9213461
남산타운문화체육센터,생활체육관,서울특별시 중구 다산로 32 ,37.5476721,127.0084389
내곡동체육시설,기타,서울특별시 서초구 신흥말길 23-5,37.4572379,127.0813813
내곡동체육시설 테니스장,테니스장,서울특별시 서초구 신흥말길 23-5,37.4572379,127.0813813
노들나루 무브 풋살파크(노들나루공원 풋살장),축구장,서울특별시 동작구 노량진로 247,37.5127638,126.9529009
노들나루공원 자전거연습장,기타,서울특별시 동작구 노량진로 247,37.5127638,126.9529009
노들나루공원 족구장,기타,서울특별시 동작구 노량진로 247,37.5127638,126.9529009
노들나루공원 축구장,축구장,서울특별시 동작구 노량진로 247,37.5127638,126.9529009
노량진 야구장,야구장,서울특별시 동작구 노들로 688,37.5152815,126.941282
노량진근린공원,기타,서울특별시 동작구 여의대방로36길 71,37.5066873,126.9283545
노량진근린공원 게이트볼장 (고구동산),기타,서울특별시 동작구 매봉로6길 16,37.5084095,126.9521519
노량진근린공원 게이트볼장 (대방),기타,서울특별시 동작구 여의대방로44길 39,37.5088189,126.925162
노량진근린공원 배드민턴장,배드민턴장,서울특별시 동작구 노량진동 325-2,37.5110101,126.9414634
노량진근린공원 테니스장,테니스장,서울특별시 동작구 여의대방로36길 71,37.5066873,126.9283545
노원구민체육센터,생활체육관,서울특별시 노원구 노원로22길 1,37.6476476,127.0721259
노원구민체육센터 수영장,수영장,서울특별시 노원구 노원로22길 1,37.6476476,127.0721259
녹천교 파크골프장,골프연습장,서울특별시 노원구 마들로5길 25,37.6429027,127.0519889
능골근린공원 농구장,농구장,서울특별시 강동구 상일로12길 60,37.5538105,127.1727391
다락원체육공원,기타,서울특별시 도봉구 창포원로 45 ,37.6931575,127.0482848
당고개배드민턴장,배드민턴장,서울특별시 노원구 상계로 273,37.6703795,127.0789203
당고개인공암벽장,기타,서울특별시 노원구 상계로 305,37.6703795,127.0789203
당곡고등학교,기타,서울특별시 관악구 봉천로21길 108,37.4897021,126.9342798
당곡중학교,기타,서울특별시 관악구 봉천로13길 101,37.4913745,126.9331544
대림운동장 농구장,농구장,서울특별시 영등포구 가마산로31길 16,37.5003388,126.8937751
대림운동장 인조잔디구장,축구장,서울특별시 영등포구 가마산로31길 16,37.5003388,126.8937751
대림운동장 테니스장,테니스장,서울특별시 영등포구 가마산로31길 16,37.5003388,126.8937751
대림체육공원 배드민턴장,배드민턴장,서울특별시 영등포구 도신로 1-16,37.5059852,126.8996582
대왕초등학교,기타,서울특별시 강남구 헌릉로618길 8,37.4637762,127.1063653
대우스포츠센터,생활체육관,서울특별시 도봉구 덕릉로63가길 61,37.6435715,127.039305
대우스포츠센터 수영장,수영장,서울특별시 도봉구 덕릉로63가길 61,37.6435715,127.039305
대치유수지체육공원,기타,서울특별시 강남구 역삼로107길 20-30,37.5064828,127.0680137
더논현스포츠센터,기타,서울특별시 강남구 강남대로120길 33,37.5074821,127.0256405
도곡스포츠센터,생활체육관,서울특별시 강남구 선릉로64길 33,37.4990444,127.0546963
도구머리공원 배드민턴장,배드민턴장,서울특별시 서초구 방배중앙로3길 32,37.480756,126.990418
도담어린이공원 배드민턴장,배드민턴장,서울특별시 강남구 헌릉로569길 46-13,37.4670385,127.0980066
도림2동유수지내체육시설 농구장,농구장,서울특별시 영등포구 대방천로 29-18,37.4985177,126.9144693
도림2동유수지내체육시설 배드민턴장,배드민턴장,서울특별시 영등포구 도신로15길 5,37.5071418,126.8976056
도림2동유수지내체육시설 족구장,기타,서울특별시 영등포구 대방천로 29-18,37.4985177,126.9144693
도봉구민회관,생활체육관,서울특별시 도봉구 도봉로 552,37.6540069,127.0386147
도봉구청부설실내체육관,생활체육관,서울특별시 도봉구 마들로 656 ,37.6687201,127.0473035
도봉구청부설체력단련실,생활체육관,서울특별시 도봉구 마들로 656 ,37.6687201,127.0473035
도봉동실내스포츠센터,생활체육관,서울특별시 도봉구 마들로 805,37.6744157,127.0465126
도봉동실내스포츠센터 수영장,수영장,서울특별시 도봉구 마들로 805 ,37.6744157,127.0465126
도봉실내배드민턴장,배드민턴장,서울특별시 도봉구 마들로 805,37.6744157,127.0465126
도봉초등학교,기타,서울특별시 도봉구 도봉로173길 96,37.679829,127.0414682
독산고등학교,기타,서울특별시 금천구 문성로 64,37.4760972,126.9108025
독산근린공원 배드민턴장,배드민턴장,서울특별시 금천구 범안로 1096,37.466528,126.8932437
독산배드민턴체육관,배드민턴장,서울특별시 금천구 독산로54길 102-82,37.4700038,126.9067021
독산어르신체육센터,생활체육관,서울특별시 금천구 독산로54길 279,37.4700038,126.9067021
독산테니스장,테니스장,서울특별시 금천구 독산로54길 288,37.4676609,126.9091939
돈암초등학교,기타,서울특별시 성북구 동소문로13길 38,37.5938153,127.0117719
동대문구민체육센터,생활체육관,서울특별시 동대문구 장안벚꽃로 67,37.5855936,127.0716082
동대문구민체육센터 수영장,수영장,서울특별시 동대문구 장안벚꽃로 67 ,37.5855936,127.0716082
동대문구체육관,생활체육관,서울특별시 동대문구 답십리로 210-3,37.5733604,127.0569411
동명근린공원 농구장,농구장,서울특별시 강동구 아리수로78길 23,37.5615125,127.1638045
동명근린공원 배구장,기타,서울특별시 강동구 아리수로78길 23,37.5615125,127.1638045
동명근린공원 배드민턴장,배드민턴장,서울특별시 강동구 아리수로78길 23,37.5615125,127.1638045
동명근린공원 족구장,기타,서울특별시 강동구 아리수로78길 23,37.5615125,127.1638045
동명근린공원 축구장,축구장,서울특별시 강동구 아리수로78길 23,37.5615125,127.1638045
동부여성문화센터,생활체육관,서울특별시 종로구 창신길 124,37.5773141,127.0095155
동신초등학교,기타,서울특별시 성북구 보문사길 50,37.583153,127.0176793
동영휘트니스클럽,생활체육관,서울특별시 강남구 언주로 337,37.4928783,127.0472441
동영휘트니스클럽 골프연습장,골프연습장,서울특별시 강남구 언주로 337 ,37.4928783,127.0472441
동영휘트니스클럽 수영장,수영장,서울특별시 강남구 언주로 337,37.4928783,127.0472441
동천재활체육센터,생활체육관,서울특별시 노원구 노원로18길 41,37.6438142,127.0734347
두댐이공원 배드민턴장,배드민턴장,서울특별시 송파구 송이로31길 1-2,37.490595,127.1343858
두레근린공원 농구장,농구장,서울특별시 강동구 동남로79길 46,37.5575905,127.1545356
뚝섬유수지체육공원 축구장,축구장,서울특별시 성동구 성수동1가 685-61,37.5435,127.03742
뚝섬한강공원 X게임장,기타,서울특별시 광진구 강변북로 2273,37.5289594,127.0761108
뚝섬한강공원 게이트볼장,기타,서울특별시 광진구 강변북로 2273,37.5289594,127.0761108
뚝섬한강공원 농구장,농구장,서울특별시 광진구 강변북로 2273,37.5289594,127.0761108
뚝섬한강공원 배드민턴장,배드민턴장,서울특별시 광진구 강변북로 2273,37.5289594,127.0761108
뚝섬한강공원 수영장,수영장,서울특별시 광진구 강변북로 2273,37.5289594,127.0761108
뚝섬한강공원 인공암벽장,기타,서울특별시 광진구 강변북로 2273,37.5289594,127.0761108
뚝섬한강공원 족구장,기타,서울특별시 광진구 강변북로 2273,37.5289594,127.0761108
뚝섬한강공원 축구장,축구장,서울특별시 광진구 자양동 704-3,37.5329735,127.0727409
뚝섬한강공원 테니스장,테니스장,서울특별시 광진구 자양동 410-1,37.5329735,127.0727409
레슬링장,기타,서울특별시 구로구 구로동로26길 54,37.4899362,126.8878523
롯데월드 아이스링크장,기타,서울특별시 송파구 올림픽로 240,37.5114987,127.0982387
마곡레포츠센터,생활체육관,서울특별시 강서구 양천로 251,37.5477666,126.879678
마곡레포츠센터 수영장,수영장,서울특별시 강서구 양천로 251,37.5477666,126.879678
마곡레포츠센터 실내배드민턴장,배드민턴장,서울특별시 강서구 양천로 251,37.5477666,126.879678
마들스포츠타운 축구장,축구장,서울특별시 노원구 덕릉로 450,37.6613408,127.0764902
마들스포츠타운 테니스장,테니스장,서울특별시 노원구 덕릉로 450,37.6613408,127.0764902
마루공원 족구장,기타,서울특별시 강남구 개포로 625,37.4872512,127.0617613
마루공원 테니스장,테니스장,서울특별시 강남구 개포로 625,37.4872512,127.0617613
마루공원 풋살장,축구장,서울특별시 강남구 개포로 625,37.4872512,127.0617613
마장테니스장,테니스장,서울특별시 성동구 마장동 832,37.56743,127.04045
마천청소년센터,생활체육관,서울특별시 송파구 성내천로 319,37.4988681,127.1542279
마포구립 성산당구장,기타,서울특별시 마포구 월드컵로 235 ,37.552033,126.9124539
마포구민체육센터,생활체육관,서울특별시 마포구 월드컵로25길 190 ,37.5573624,126.8987668
마포주민편익시설,생활체육관,서울특별시 마포구 월드컵북로44길 40,37.5766455,126.8953977
마포청소년센터,생활체육관,서울특별시 마포구 성산동 월드컵로 212,37.5663245,126.901491
마포청소년센터 수영장,수영장,서울특별시 마포구 월드컵로 212,37.5663245,126.901491
말죽거리근린공원 배드민턴장,배드민턴장,서울특별시 서초구 바우뫼로21길 34,37.4765294,127.0349032
망원나들목체육관,생활체육관,서울특별시 마포구 동교로1길 39 ,37.5535497,126.9000221
망원동 배드민턴장,배드민턴장,서울특별시 동교로1길 73,37.5535497,126.9000221
망원유수지체육공원,기타,서울특별시 마포구 방울내로11길 198,37.5622185,126.9034886
망원유수지체육공원 게이트볼장,기타,서울특별시 마포구 방울내로11길 198,37.5622185,126.9034886
매봉산농구장,농구장,서울특별시 강남구 남부순환로 2711 ,37.4872884,127.0476339
매봉산실내배드민턴장,배드민턴장,서울특별시 강남구 남부순환로 2711,37.4872884,127.0476339
면목구립테니스장,테니스장,서울특별시 중랑구 동일로 491,37.5743287,127.079624
면일초등학교,기타,서울특별시 중랑구 용마산로100길 13,37.5909292,127.1004668
명일중학교 스크린사격장,기타,서울특별시 강동구 양재대로156길 57,37.556318,127.148621
명일중학교 테니스장,기타,서울특별시 강동구 양재대로156길 57,37.556318,127.148621
명일테니스장,테니스장,서울특별시 강동구 동남로 785,37.565911,127.1564239
명주근린공원 농구장,농구장,서울특별시 서초구 나루터로 43,37.5161333,127.0120671
명주근린공원 배드민턴장,배드민턴장,서울특별시 서초구 나루터로 43,37.5161333,127.0120671
목동다목적경기장,축구장,서울특별시 양천구 안양천로 939,37.5307847,126.8792558
목동문화체육센터,생활체육관,서울특별시 양천구 목동중앙본로 73,37.5428335,126.8691434
목동문화체육센터 골프연습장,골프연습장,서울특별시 양천구 목동중앙본로 73 ,37.5428335,126.8691434
목동문화체육센터 수영장,수영장,서울특별시 양천구 목동중앙본로 73 ,37.5428335,126.8691434
목동야구장,야구장,서울특별시 양천구 안양천로 939,37.5307847,126.8792558
목동종합운동장 실내아이스링크,기타,서울특별시 양천구 안양천로 939,37.5307847,126.8792558
목동종합운동장 주경기장,기타,서울특별시 양천구 안양천로 939,37.5307847,126.8792558
목동청소년센터,생활체육관,서울특별시 양천구 목동서로 143,37.528099,126.8743901
목동청소년센터 수영장,수영장,서울특별시 양천구 목동서로 143,37.528099,126.8743901
목동타운홀,기타,서울특별시 양천구 목동동로 345,37.5140856,126.8570498
목동테니스장,테니스장,서울특별시 양천구 목동동로 298,37.5140856,126.8570498
목마공원 게이트볼장,기타,서울특별시 양천구 목동동로 441,37.5140856,126.8570498
무악배드민턴장,배드민턴장,서울특별시 종로구 통일로18가길 46,37.5777709,126.9594924
묵2동문화체육복합센터,생활체육관,서울특별시 중랑구 중랑역로 181,37.6161192,127.0779451
묵동다목적체육관,생활체육관,서울특별시 중랑구 숙선옹주로 66,37.6183293,127.0867775
문래청소년센터,생활체육관,서울특별시 영등포구 문래로 110,37.5179855,126.9056506
문래청소년센터 수영장,수영장,서울특별시 영등포구 문래로 110,37.5179855,126.9056506
미성체육관,생활체육관,서울특별시 관악구 난우16길 37,37.4775895,126.9192268
박미족구장,기타,경기도 안양시 만안구 경수대로 1431,37.4315519,126.9036484
반포종합운동장 게이트볼장,기타,서울특별시 서초구 신반포로16길 30 ,37.5013484,126.9974301
반포종합운동장 농구장,농구장,서울특별시 서초구 신반포로16길 30 ,37.5013484,126.9974301
반포종합운동장 배드민턴장,배드민턴장,서울특별시 서초구 신반포로16길 30 ,37.5013484,126.9974301
반포종합운동장 인라인스케이트장,기타,서울특별시 서초구 신반포로16길 30 ,37.5013484,126.9974301
반포종합운동장 족구장,기타,서울특별시 서초구 신반포로16길 30 ,37.5013484,126.9974301
반포종합운동장 축구장,축구장,서울특별시 서초구 신반포로16길 30 ,37.5013484,126.9974301
반포종합운동장 테니스장,테니스장,서울특별시 서초구 신반포로16길 30 ,37.5013484,126.9974301
반포종합운동장 풋살경기장,축구장,서울특별시 서초구 신반포로16길 30 ,37.5013484,126.9974301
반포종합운동장체육센터,생활체육관,서울특별시 서초구 신반포로16길 30,37.5013484,126.9974301
반포종합운동장체육센터 골프연습장,골프연습장,서울특별시 서초구 신반포로16길 30 ,37.5013484,126.9974301
반포종합운동장체육센터 탁구장,기타,서울특별시 서초구 신반포로16길 30,37.5013484,126.9974301
반포한강공원 농구장,농구장,서울특별시 서초구 신반포로11길 40,37.5034254,126.9926665
반포한강공원 배드민턴장,배드민턴장,서울특별시 서초구 신반포로11길 40,37.5034254,126.9926665
반포한강공원 축구장,축구장,서울특별시 서초구 신반포로11길 40,37.5034254,126.9926665
방배열린문화센터 골프연습장(코오롱스포렉스 방배점),골프연습장,서울특별시 서울 서초구 방배로 173,37.489007,126.9923344
방배열린문화센터 수영장(코오롱스포렉스 방배점),수영장,서울특별시 서울 서초구 방배로 173,37.489007,126.9923344
방배열린문화센터(코오롱스포렉스 방배점),생활체육관,서울특별시 서울 서초구 방배로 173,37.489007,126.9923344
방화근린공원 농구장,농구장,서울특별시 강서구 금낭화로 176,37.5685495,126.8111555
방화동 구립 배드민턴장,테니스장,서울특별시 강서구 금낭화로26가길 152-8,37.582662,126.8125961
방화동테니스장,테니스장,서울특별시 강서구 방화3동 36-14,37.5835328,126.8212775
보라매공원 인공암벽장,기타,서울특별시 동작구 여의대방로20길 33,37.4904437,126.9179364
보라매공원 축구장,축구장,서울특별시 동작구 여의대방로20길 35,37.4957316,126.9180762
보라매공원 테니스장,테니스장,서울특별시 동작구 여의대방로20길 33,37.4904437,126.9179364
봉래체육문화센터,수영장,서울특별시 중구 손기정로 73,37.5569187,126.9616157
봉래초등학교,기타,서울특별시 중구 중림동 손기정로 73,37.5552447,126.9637745
봉은테니스장,테니스장,서울특별시 강남구 삼성동 75,37.5147838,127.0543618
북성초등학교,기타,서울특별시 서대문구 북아현로1나길 22,37.5591219,126.9511432
북아현문화체육센터,생활체육관,서울특별시 서대문구 북아현로 51,37.568432,126.949715
북악골프연습장,골프연습장,서울특별시 성북구 북악산로 537-14,37.6005111,127.0171049
북한산국제클라이밍센터,기타,서울특별시 강북구 삼양로173길 80,37.6615268,127.0087182
불암산스포츠타운 론볼장,기타,서울특별시 노원구 중계로 36,37.6385145,127.0840912
불암산스포츠타운 배드민턴장,배드민턴장,서울특별시 노원구 중계로 36,37.6385145,127.0840912
불암산스포츠타운 야구장,야구장,서울특별시 노원구 중계로 36,37.6385145,127.0840912
불암산스포츠타운 족구장,기타,서울특별시 노원구 중계로 36,37.6385145,127.0840912
불암산스포츠타운 축구장,축구장,서울특별시 노원구 중계로 36,37.6385145,127.0840912
불암산스포츠타운 테니스장,테니스장,서울특별시 노원구 중계로 36,37.6385145,127.0840912
불암산스포츠타운 풋살장,축구장,서울특별시 노원구 중계로 36,37.6385145,127.0840912
사당종합체육관,생활체육관,서울특별시 동작구 사당로27길 232,37.4928048,126.9696613
산악문화체험센터,기타,서울특별시 마포구 하늘공원로 112,37.5734326,126.8833088
살곶이체육공원 인라인스케이트장,기타,서울특별시 성동구 사근동길 16-18,37.560049,127.0419964
살곶이체육공원 축구장,축구장,서울특별시 성동구 사근동길 16-18,37.560049,127.0419964
삼광초등학교,기타,서울특별시 용산구 두텁바위로1나길 19,37.5466315,126.9766364
삼선어린이공원 배드민턴장,배드민턴장,서울특별시 성북구 삼선교로10다길 61,37.5846613,127.0090707
삼일공원 청소년농구장,농구장,서울특별시 동작구 사당로23길 57-7,37.4854784,126.9759355
상경초등학교,기타,서울특별시 노원구 수락산로 237,37.6713734,127.0518094
상계구민체육센터,생활체육관,서울특별시 노원구 덕릉로 748,37.6455224,127.056785
상도스포츠클럽,생활체육관,서울특별시 동작구 성대로2길 11 ,37.499131,126.931397
상원중학교,기타,서울특별시 노원구 수락산로 182,37.6713734,127.0518094
샘터근린공원 배드민턴장,배드민턴장,서울특별시 강동구 동남로 990,37.565911,127.1564239
샘터근린공원 족구장,기타,서울특별시 강동구 동남로 990,37.565911,127.1564239
서남물재생센터공원 축구장,축구장,서울특별시 강서구 양천로 201,37.5477666,126.879678
서남물재생센터공원 탁구장,기타,서울특별시 강서구 양천로 201,37.5477666,126.879678
서남물재생센터공원 테니스장,테니스장,서울특별시 강서구 양천로 201,37.5477666,126.879678
서남물재생센터공원 파크골프장,골프연습장,서울특별시 강서구 양천로 201 ,37.5477666,126.879678
서낭당근린공원 농구장,농구장,서울특별시 강서구 공항대로43길 46,37.5605736,126.8505094
서대문구립 인조잔디구장,축구장,서울특별시 서대문구 백련사길 39 ,37.5806951,126.9314183
서대문돌산구장,축구장,서울특별시 서대문구 홍은1동 10-305,37.6011352,126.9468969
서대문문화체육회관,생활체육관,서울특별시 서대문구 백련사길 39,37.5806951,126.9314183
서대문문화체육회관 골프장,골프연습장,서울특별시 서대문구 백련사길 39 ,37.5806951,126.9314183
서대문문화체육회관 수영장,수영장,서울특별시 서대문구 백련사길 39 ,37.5806951,126.9314183
서대문청소년센터,생활체육관,서울특별시 서대문구 연희로32길 129,37.5761212,126.9372833
서부여성발전센터 수영장,수영장,서울특별시 양천구 남부순환로 371 ,37.5327968,126.8304943
서빙고동 헬스장,기타,서울특별시 용산구 서빙고로 279 ,37.5255234,126.9687515
서울곰두리체육센터,생활체육관,서울특별시 송파구 동남로 271 ,37.5032633,127.1376839
서울곰두리체육센터 골프연습장,골프연습장,서울특별시 송파구 동남로 271,37.5032633,127.1376839
서울곰두리체육센터 수영장,수영장,서울특별시 송파구 동남로 271,37.5032633,127.1376839
서울숲 스케이트파크,기타,서울특별시 성동구 뚝섬로 273,37.5385509,127.0164807
서울숲공원 다목적구장,기타,서울특별시 성동구 뚝섬로 273,37.5385509,127.0164807
서울숲공원 테니스장,테니스장,서울특별시 성동구 뚝섬로 273,37.5385509,127.0164807
서울숲복합문화체육센터,생활체육관,서울특별시 성동구 왕십리로11길 19,37.5490806,127.0424141
서울시립강북청소년센터 수영장,수영장,서울특별시 강북구 4.19로 74,37.6474473,127.0125342
서울시립강북청소년센터 체육관,생활체육관,서울특별시 강북구 4.19로 74,37.6474473,127.0125342
서울시립금천청소년센터 체육관,생활체육관,서울특별시 금천구 금하로30길 54 ,37.4484259,126.9156038
서울시립망우청소년센터,생활체육관,서울특별시 중랑구 송림길 156,37.6026734,127.1009394
서울시립망우청소년센터 수영장,수영장,서울특별시 중랑구 송림길 156,37.6026734,127.1009394
서울시인재개발원 축구장,축구장,서울특별시 서초구 남부순환로340길 58,37.4809753,127.0229242
서울시인재개발원 테니스장,테니스장,서울특별시 서초구 남부순환로340길 58,37.4809753,127.0229242
서울월드컵경기장,축구장,서울특별시 마포구 월드컵로 240,37.5683021,126.8972477
서울장애인종합복지관 수중재활센터,수영장,서울특별시 강동구 고덕로 201,37.5550222,127.1486968
서일중학교,기타,서울특별시 서초구 서운로21길 2,37.4989925,127.0222358
서일체육문화센터,생활체육관,서울특별시 서초구 서운로21길 2,37.4989925,127.0222358
서초구민체육센터,생활체육관,서울특별시 서초구 사평대로 55,37.498928,126.991309
서초구민체육센터 골프연습장,골프연습장,서울특별시 서초구 사평대로 55 ,37.498928,126.991309
서초구민체육센터 농구장,농구장,서울특별시 서초구 사평대로 55,37.498928,126.991309
서초구민체육센터 라켓볼장,기타,서울특별시 서초구 사평대로 55,37.498928,126.991309
서초구민체육센터 수영장,수영장,서울특별시 서초구 사평대로 55,37.498928,126.991309
서초국민체육센터 탁구장,기타,서울특별시 서초구 사평대로 55,37.498928,126.991309
서초종합체육관,생활체육관,서울특별시 서초구 양재대로12길 73-48,37.4587041,127.0472969
서초종합체육관 수영장,수영장,서울특별시 서초구 양재대로12길 73-48,37.4587041,127.0472969
선우체육관,배드민턴장,서울특별시 관악구 문성로16다길 133-70,37.473826,126.9118047
선유중학교,기타,서울특별시 영등포구 선유로 213,37.531622,126.8943042
성내천족구장,기타,서울특별시 송파구 올림픽로 474,37.5107334,127.0710581
성내하니공원 배드민턴장,배드민턴장,서울특별시 강동구 성내로3가길 71,37.5298971,127.1251782
성동교육문화관,생활체육관,서울특별시 중구 퇴계로90길 17,37.5640199,127.0227128
성동교육문화관 수영장,수영장,서울특별시 중구 퇴계로90길 17,37.5640199,127.0227128
성동구립용답체육센터,생활체육관,서울특별시 성동구 천호대로78길 15-48,37.5614904,127.0553344
성동구립용답체육센터 수영장,수영장,서울특별시 성동구 천호대로78길 15-48,37.5614904,127.0553344
성동구민종합체육센터,생활체육관,서울특별시 성동구 왕십리로 89,37.5633682,127.0307057
성동구민종합체육센터 수영장,수영장,서울특별시 성동구 왕십리로 89 ,37.5633682,127.0307057
성보고등학교,기타,서울특별시 관악구 남부순환로156길 39,37.4801738,126.9200321
성북구립휘트니스,생활체육관,서울특별시 성북구 보문로29길 49,37.5867727,127.0136032
성북구민체육센터,생활체육관,서울특별시 성북구 화랑로13길 144,37.6049233,127.0418097
성북구민회관 헬스장,기타,서울특별시 성북구 성북로4길 177,37.5953619,127.008624
성북종합레포츠타운,생활체육관,서울특별시 성북구 한천로58길 307,37.6102626,127.0700035
성북종합레포츠타운 골프장,골프연습장,서울특별시 성북구 한천로58길 307 ,37.6102626,127.0700035
성북종합레포츠타운 수영장,수영장,서울특별시 성북구 한천로58길 307 ,37.6102626,127.0700035
성북종합레포츠타운 족구장,기타,서울특별시 성북구 한천로58길 307,37.6102626,127.0700035
성북종합레포츠타운 풋살장,축구장,서울특별시 성북구 한천로58길 307,37.6102626,127.0700035
성북펜싱체육관,기타,서울특별시 성북구 종암로24가길 109 ,37.5997903,127.0375179
성일초등학교,기타,서울특별시 강동구 성내로15길 33,37.5290635,127.1290395
소리공원 농구장,농구장,서울특별시 송파구 법원로5길 3,37.4821186,127.1195237
소리공원 배드민턴장,배드민턴장,서울특별시 송파구 법원로5길 3,37.4821186,127.1195237
손기정문화체육센터,생활체육관,서울특별시 중구 손기정로 101  ,37.5569187,126.9616157
손기정문화체육센터 축구장,축구장,서울특별시 중구 손기정로 101  ,37.5569187,126.9616157
손기정문화체육센터 테니스장,테니스장,서울특별시 중구 손기정로 101 ,37.5569187,126.9616157
솔밭근린공원 배드민턴장,배드민턴장,서울특별시 강북구 삼양로 561,37.6472838,127.015154
송이공원 미니풋살장,축구장,서울특별시 송파구 송이로31길 4,37.4881408,127.1318774
송이공원 배드민턴장,배드민턴장,서울특별시 송파구 송이로31길 4,37.4881408,127.1318774
송정체육공원 게이트볼장,기타,서울특별시 성동구 송정동 73-254,37.5592623,127.0565718
송파구배드민턴체육관,배드민턴장,서울특별시 송파구 문정로 176,37.500963,127.1415815
송파구여성축구장,축구장,서울특별시 송파구 올림픽로 474,37.5107334,127.0710581
송파구체육문화회관,생활체육관,서울특별시 송파구 양산로 15,37.4911217,127.1436859
송파구체육문화회관 골프장,골프연습장,서울특별시 송파구 양산로 15 ,37.4911217,127.1436859
송파구체육문화회관 수영장,수영장,서울특별시 송파구 양산로 15 ,37.4911217,127.1436859
송파시각장애인축구장,축구장,서울특별시 송파구 올림픽로 474,37.5107334,127.0710581
송파아우름체육센터,기타,서울특별시 송파구 문정로 196,37.500963,127.1415815
송파아우름체육센터 라켓볼장,기타,서울특별시 송파구 오금로 455,37.4955662,127.1403702
송파청소년수련센터,생활체육관,서울특별시 송파구 중대로4길 4,37.4882659,127.1126497
송파테니스장,테니스장,서울특별시 송파구 가락로 153,37.5111185,127.118789
송학대 무브 스포츠 파크(송학대공원 다목적구장),생활체육관,서울특별시 동작구 상도로 지하188,37.5051304,126.9407772
수락산스포츠타운 야구장,야구장,서울특별시 노원구 수락산로8길 39,37.6674109,127.0711621
수락산스포츠타운 축구장,축구장,서울특별시 노원구 수락산로8길 39,37.6674109,127.0711621
수락산스포츠타운 테니스장,테니스장,서울특별시 노원구 수락산로8길 39,37.6674109,127.0711621
수명산다목적체육관,배드민턴장,서울특별시 강서구 강서로47마길 15,37.5525037,126.831389
수서청소년센터,수영장,서울특별시 강남구 광평로 144,37.4826593,127.0795689
수서청소년센터,생활체육관,서울특별시 강남구 광평로 144,37.4826593,127.0795689
수송중학교,기타,서울특별시 강북구 한천로122길 21,37.6363781,127.0340228
수송초등학교,기타,서울특별시 강북구 한천로124길 14,37.6376039,127.03291
수암초등학교,기타,서울특별시 노원구 중계로12길 9,37.6474641,127.0815726
숭인근린공원,배드민턴장,서울특별시 종로구 동망산길 150,37.5801046,127.0153713
숭인중학교,기타,서울특별시 동대문구 천호대로47길 34,37.5742478,127.0436895
시립구로청소년센터,생활체육관,서울특별시 구로구 구로동로 141,37.4974913,126.8832011
시립구로청소년센터 수영장,수영장,서울특별시 구로구 구로동로 141,37.4974913,126.8832011
시립노원청소년센터,생활체육관,서울특별시 노원구 덕릉로70길 99,37.6421138,127.0606926
시립노원청소년센터 수영장,수영장,서울특별시 노원구 덕릉로70길 99,37.6421138,127.0606926
시립성동청소년센터,생활체육관,서울특별시 성동구 고산자로 260,37.5431546,127.0360823
시립성동청소년센터 수영장,수영장,서울특별시 성동구 고산자로 260,37.5431546,127.0360823
시립성북청소년센터 드론축구장,기타,서울특별시 성북구 한천로 660-9 ,37.6112657,127.0622558
시립성북청소년센터 수영장,수영장,서울특별시 성북구 한천로 660-9 ,37.6112657,127.0622558
신구초등학교,기타,서울특별시 강남구 압구정로18길 28,37.5237775,127.0248791
신길근린공원 농구장,농구장,서울특별시 영등포구 도림로80길 8,37.5020277,126.9057248
신길근린공원 배드민턴장,배드민턴장,서울특별시 영등포구 도림로80길 8,37.5020277,126.9057248
신길종합사회복지관 수영장,수영장,서울특별시 영등포구 영등포로84길 24-5,37.510908,126.9219987
신길종합사회복지관 체육관,생활체육관,서울특별시 영등포구 영등포로84길 24-5,37.510908,126.9219987
신내근린공원 농구장,농구장,서울특별시 중랑구 신내로 66,37.6050454,127.0956718
신내차량기지체육시설 야구장,야구장,서울특별시 중랑구 용마산로136길 33 ,37.6119499,127.1044906
신내차량기지체육시설 축구장,축구장,서울특별시 중랑구 용마산로136길 33 ,37.6119499,127.1044906
신도림생활체육관,생활체육관,서울특별시 구로구 경인로67길 149 ,37.5119755,126.888113
신도림생활체육관 수영장,수영장,서울특별시 구로구 경인로67길 149 ,37.5119755,126.888113
신도림테니스장,테니스장,서울특별시 구로구 신도림동 301,37.50941,126.88285
신도봉중학교,기타,서울특별시 도봉구 도봉로115길 16,37.6489205,127.0330248
신동교육문화회관,수영장,서울특별시 서초구 나루터로 27,37.5151502,127.0165894
신동중학교,기타,서울특별시 서초구 나루터로 27,37.5151502,127.0165894
신림체육센터,생활체육관,서울특별시 관악구 난곡로58길 13,37.4797766,126.915596
신림체육센터 수영장,수영장,서울특별시 관악구 난곡로58길 13 ,37.4797766,126.915596
신목고등학교,기타,서울특별시 양천구 안양천로 739,37.545866,126.8818371
신월문화체육센터,생활체육관,서울특별시 양천구 지양로 47,37.5207799,126.834536
신월문화체육센터 수영장,수영장,서울특별시 양천구 지양로 47 ,37.5207799,126.834536
신월야구공원,야구장,서울특별시 양천구 남부순환로64길 26,37.5272582,126.8328173
신정교 제1풋살장,축구장,서울특별시 구로구 경인로67길 160,37.5144539,126.882684
신정교 제2풋살장,축구장,서울특별시 구로구 경인로67길 160,37.5144539,126.882684
아남어린이공원 족구장,기타,서울특별시 성동구 연무장5길 9-26,37.5441865,127.0528823
아차산배수지체육공원,기타,서울특별시 광진구 천호대로 731 ,37.5548861,127.0850103
아차산배수지체육공원 축구장,축구장,서울특별시 광진구 천호대로 731,37.5548861,127.0850103
아차산배수지체육공원 테니스장,테니스장,서울특별시 광진구 천호대로 731 ,37.5548861,127.0850103
아트큐브 농구장,농구장,서울특별시 광진구 능동로 27,37.5339225,127.0674487
아트큐브 인라인스케이트장,기타,서울특별시 광진구 능동로 27,37.5339225,127.0674487
아트큐브 족구장,기타,서울특별시 광진구 능동로 27,37.5339225,127.0674487
아현중학교,기타,서울특별시 마포구 마포대로 247,37.5565938,126.9559271
안양천 다목적구장,생활체육관,경기도 안양시 만안구 경수대로 1431,37.4315519,126.9036484
안양천 박미풋살장,축구장,서울특별시 금천구 시흥동 673-2,37.4507049,126.9085555
안양천 소규모 축구장,축구장,서울특별시 금천구 벚꽃로 115,37.4811303,126.8831768
안양천고척교하부 X게임장,기타,서울특별시 구로구 구로동,37.4945849,126.8845477
안양천오금교하부 인라인스케이트장,기타,서울특별시 구로구 구로동,37.4945849,126.8845477
안양천좌안 파크골프장,골프연습장,서울특별시 구로구 안양천로539길 6,37.5044759,126.8668919
안양천체육생태공원 게이트볼장,기타,서울특별시 구로구 신도림동,37.50941,126.88285
안양천체육생태공원 국궁장,기타,서울특별시 구로구 신도림동,37.50941,126.88285
안양천체육생태공원 농구장,농구장,서울특별시 양천구 신정동 871-4,37.5162407,126.8521196
안양천체육생태공원 야구장,야구장,서울특별시 양천구 신정동 871-4,37.5162407,126.8521196
안양천체육생태공원 야구장,야구장,서울특별시 구로구 신도림동,37.50941,126.88285
안양천체육생태공원 양궁장,기타,서울특별시 구로구 신도림동,37.50941,126.88285
안양천체육생태공원 인라인스케이트장,기타,서울특별시 구로구 신도림동,37.50941,126.88285
안양천체육생태공원 인라인스케이트장,기타,서울특별시 양천구 신정동 871-4,37.5162407,126.8521196
안양천체육생태공원 족구장,기타,서울특별시 양천구 신정동 871-4,37.5162407,126.8521196
안양천체육생태공원 축구장,축구장,서울특별시 구로구 신도림동,37.50941,126.88285
안양천체육생태공원 파크골프장,골프연습장,서울특별시 양천구 목동 411 ,37.53608,126.87585
양재근린공원 축구장,축구장,서울특별시 서초구 양재2동 311 ,37.4542766,127.0436621
양재시민의숲 테니스장,테니스장,서울특별시 서초구 매헌로 99 ,37.4685166,127.0363487
양재천근린공원 족구장,기타,서울특별시 서초구 논현로 75-2,37.4836836,127.0421261
양재천수영장,수영장,서울특별시 서초구 양재동 126-1,37.46838,127.0361
양천구민체육센터,생활체육관,서울특별시 양천구 목동동로 87,37.5372875,126.8852886
양천구민체육센터 수영장,수영장,서울특별시 양천구 목동동로 87 ,37.5372875,126.8852886
양천로 족구장,기타,서울특별시 강서구 방화동 54-5,37.57682,126.81422
양천주민편익시설,생활체육관,서울특별시 양천구 목동서로 20,37.528099,126.8743901
양화한강공원 농구장,농구장,서울특별시 영등포구 노들로 221,37.5480083,126.8811817
양화한강공원 배구장,기타,서울특별시 영등포구 노들로 221,37.5480083,126.8811817
양화한강공원 축구장,축구장,서울특별시 영등포구 노들로 221,37.5480083,126.8811817
어린이대공원 게이트볼장,기타,서울특별시 광진구 능동로 216,37.5493982,127.0790977
어린이대공원 축구장,축구장,서울특별시 광진구 능동로 216,37.5493982,127.0790977
어린이대공원 테니스장,테니스장,서울특별시 광진구 능동 18,37.544801,127.0741717
어린이대공원 풋살경기장,축구장,서울특별시 광진구 능동로 216,37.5493982,127.0790977
언남문화체육센터,생활체육관,서울특별시 서초구 동산로13길 35,37.472583,127.042431
언남중학교,기타,서울특별시 서초구 동산로 55,37.4723652,127.0438888
언북문화체육센터,생활체육관,서울특별시 강남구 삼성로135길 42 ,37.5200168,127.0456761
언북초등학교,기타,서울특별시 강남구 삼성로135길 42,37.5200168,127.0456761
언주초등학교,기타,서울특별시 강남구 남부순환로363길 19,37.4868606,127.0378491
에코파크 족구장,기타,서울특별시 강남구 개포로140길 18,37.494588,127.0863735
에코파크 풋살장,축구장,서울특별시 강남구 개포로140길 18,37.494588,127.0863735
여의도중학교,기타,서울특별시 영등포구 국제금융로7길 46,37.5233762,126.9329253
여의도한강공원 게이트볼장,기타,서울특별시 영등포구 여의동로 330,37.5218417,126.939103
여의도한강공원 수영장,수영장,서울특별시 영등포구 여의동로 330,37.5218417,126.939103
여의도한강공원 족구장,기타,서울특별시 영등포구 여의동로 330,37.5218417,126.939103
여의도한강공원 축구장,축구장,서울특별시 영등포구 여의동로 330,37.5218417,126.939103
여의도한강공원 파크골프장,골프연습장,서울특별시 영등포구 여의도동 70-1 ,37.5267088,126.9238
역삼청소년센터,생활체육관,서울특별시 강남구 논현로64길 7,37.4937001,127.0423656
역삼청소년센터,수영장,서울특별시 강남구 논현로64길 7 ,37.4937001,127.0423656
열린금호교육문화관,생활체육관,서울특별시 성동구 무수막길 69,37.5508993,127.0231793
열린금호교육문화관 수영장,수영장,서울특별시 성동구 무수막길 69 ,37.5508993,127.0231793
염리생활체육관,생활체육관,서울특별시 마포구 염리동 174-3,37.54914,126.94915
염창근린공원다목적체육관,생활체육관,서울특별시 강서구 양천로63길 42-21,37.5577712,126.8666448
영등포 다목적배드민턴 체육관,생활체육관,서울특별시 영등포구 도신로15길 5,37.5071418,126.8976056
영등포 제1스포츠센터,생활체육관,서울특별시 영등포구 신풍로 1,37.4999831,126.9112328
영등포 제1스포츠센터 골프연습장,골프연습장,서울특별시 영등포구 신풍로 1 ,37.4999831,126.9112328
영등포 제1스포츠센터 수영장,수영장,서울특별시 영등포구 신풍로 1 ,37.4999831,126.9112328
영등포 제2스포츠센터,생활체육관,서울특별시 영등포구 국회대로 615 ,37.5278049,126.9149882
영등포 제2스포츠센터 수영장,수영장,서울특별시 영등포구 국회대로 615 ,37.5278049,126.9149882
영등포 파크골프장,골프연습장,서울특별시 영등포구 노들로 11,37.5480083,126.8811817
영등포공원 농구장,농구장,서울특별시 영등포구 신길로 275,37.5185398,126.9123621
영등포공원 배드민턴장,배드민턴장,서울특별시 영등포구 신길로 275,37.5185398,126.9123621
영등포공원 풋살경기장,축구장,서울특별시 영등포구 신길로 275,37.5185398,126.9123621
영등포클라이밍경기장,기타,서울특별시 영등포구 도신로15길 11 ,37.5071418,126.8976056
영롱이억새구장,축구장,서울특별시 영등포구 노들로 56,37.5480083,126.8811817
영롱이인라인스케이트장,기타,서울특별시 영등포구 노들로 56,37.5480083,126.8811817
영학정 국궁장,기타,서울특별시 양천구 안양천로 916,37.545866,126.8818371
영희초등학교,기타,서울특별시 강남구 일원로 21,37.4919919,127.0812822
예일여자고등학교,기타,서울특별시 은평구 구산동 연서로 117,37.6093881,126.9162384
오금공원 테니스장,테니스장,서울특별시 송파구 오금로 363,37.5209534,127.1048052
오금공원체육시설,기타,서울특별시 송파구 오금로 363,37.5209534,127.1048052
오동골프클럽,골프연습장,서울특별시 강북구 오현로 117,37.6295889,127.0393876
오동근린공원 실내배드민턴장,배드민턴장,서울특별시 강북구 덕릉로42길 49 ,37.6337511,127.0319159
오동근린공원 테니스장,테니스장,서울특별시 강북구 월계로 191-40 ,37.6113118,127.0342458
오류고가 하부 배드민턴장,배드민턴장,서울특별시 구로구 경인로 89,37.4972922,126.8580648
오륜테니스장,테니스장,서울특별시 송파구 방이동 439-8,37.5141564,127.1195472
오목공원 농구장,농구장,서울특별시 양천구 목동서로 159-2,37.5185366,126.8674178
오목교 족구장,기타,서울특별시 영등포구 양평동 488,37.53142,126.89373
오솔길실버공원 게이트볼장,기타,서울특별시 양천구 남부순환로72길 16,37.5204224,126.8366684
오솔길실버공원 배드민턴장,배드민턴장,서울특별시 양천구 남부순환로72길 16,37.5204224,126.8366684
온조대왕문화체육관,생활체육관,서울특별시 강동구 고덕로 285,37.5543648,127.14305
온조대왕문화체육관 수영장,수영장,서울특별시 강동구 고덕로 285 ,37.5543648,127.14305
올림픽공원 수영장,수영장,서울특별시 송파구 올림픽로 424 ,37.5154371,127.1288645
올림픽공원 스케이트장,기타,서울특별시 송파구 올림픽로 424 ,37.5154371,127.1288645
올림픽공원 스포츠센터,생활체육관,서울특별시 송파구 올림픽로 424,37.5154371,127.1288645
올림픽공원 실내테니스장,테니스장,서울특별시 송파구 올림픽로 424 ,37.5154371,127.1288645
올림픽공원 올림픽테니스장,테니스장,서울특별시 송파구 올림픽로 424 ,37.5154371,127.1288645
올림픽기념국민생활관,생활체육관,서울특별시 종로구 성균관로 91,37.5851253,126.9971254
올림픽기념국민생활관 수영장,수영장,서울특별시 종로구 성균관로 91,37.5851253,126.9971254
옹기골근린공원 농구장,농구장,서울특별시 강서구 양천로 149,37.5477666,126.879678
옹기골근린공원 족구장,기타,서울특별시 강서구 양천로 149,37.5477666,126.879678
와룡근린공원 배드민턴장,배드민턴장,서울특별시 종로구 와룡공원길 192,37.5900918,126.9897554
와룡스포츠센터,생활체육관,서울특별시 종로구 명륜길 26,37.5892318,126.9945765
와우산배드민턴장,배드민턴장,서울특별시 마포구 와우산로30길 87,37.5502747,126.9272291
용답동 풋살장,축구장,서울특별시 성동구 용답동 248 ,37.56211,127.05467
용두문화복지센터,생활체육관,서울특별시 동대문구 고산자로28길 13,37.5751551,127.0387537
용마폭포공원축구장,축구장,서울특별시 중랑구 용마산로 250-12 ,37.587697,127.095871
용마폭포공원테니스장,테니스장,서울특별시 중랑구 용마산로 250-12 ,37.587697,127.095871
용문동 헬스장,기타,서울특별시 용산구 새창로12길 13 ,37.5377041,126.9561176
용산2가동 헬스장,기타,서울특별시 용산구 신흥로 90 ,37.546128,126.9855719
용산문화체육센터,생활체육관,서울특별시 용산구 백범로 350 ,37.5372658,126.9677293
용산문화체육센터 수영장,수영장,서울특별시 용산구 백범로 350 ,37.5372658,126.9677293
용산청소년센터,생활체육관,서울특별시 용산구 이촌로71길 24 ,37.5209899,126.9727551
용산청소년센터 수영장,수영장,서울특별시 용산구 이촌로71길 24 ,37.5209899,126.9727551
용왕산 배드민턴장,배드민턴장,서울특별시 양천구 용왕정길 41,37.5431135,126.8762026
용왕산근린공원 게이트볼장,기타,서울특별시 양천구 용왕정길 41,37.5431135,126.8762026
용왕산근린공원 테니스장,테니스장,서울특별시 양천구 용왕정길 41,37.5431135,126.8762026
용허리근린공원 농구장,농구장,서울특별시 서초구 서초대로70길 20,37.4939127,127.0237232
우면산자연생태어린이놀이터,기타,서울특별시 서초구 우면동 71,37.4647545,127.0188666
우면체육시설 다목적구장,기타,서울특별시 서초구 양재대로 13 ,37.4670061,127.0451724
우면체육시설 족구장,기타,서울특별시 서초구 우면동 440-5,37.4647545,127.0188666
우이초등학교,기타,서울특별시 강북구 삼양로99길 36,37.638971,127.0163746
우장산근린공원 농구장,농구장,서울특별시 강서구 우장산로 72-1,37.5550151,126.8379452
우장산근린공원 배드민턴장,배드민턴장,서울특별시 강서구 우장산로 72-1,37.5550151,126.8379452
우장산근린공원 축구장,축구장,서울특별시 강서구 우장산로 72-1,37.5550151,126.8379452
우장산근린공원 테니스장,테니스장,서울특별시 강서구 우장산로10길 112,37.5497039,126.8424099
원효로다목적체육관,생활체육관,서울특별시 용산구 청파로 83,37.5466567,126.9702546
원효초등학교,기타,서울특별시 용산구 효창원로13길 38,37.5358147,126.952021
월계구민체육센터,생활체육관,서울특별시 노원구 월계로 298,37.6253505,127.0514209
월계구민체육센터 수영장,수영장,서울특별시 노원구 월계로 298 ,37.6253505,127.0514209
월곡배드민턴장,배드민턴장,서울특별시 성북구 화랑로13길 130,37.6049233,127.0418097
월드컵공원 다목적구장,기타,서울특별시 마포구 상암동 1538,37.5715723,126.8728063
월드컵공원 축구장,축구장,서울특별시 마포구 월드컵북로 502-36,37.5738258,126.8980671
월드컵공원 테니스장,테니스장,서울특별시 마포구 하늘공원로 84,37.5734326,126.8833088
월드컵공원 파크골프장,골프연습장,서울특별시 마포구 하늘공원로 86 ,37.5734326,126.8833088
월천근린공원 배드민턴장,배드민턴장,서울특별시 도봉구 노해로70길 86,37.6492084,127.052171
육사야구장,야구장,서울특별시 노원구 공릉동 25-5,37.63021,127.08818
은평구립축구장,축구장,서울특별시 은평구 진관1로 46,37.6306233,126.9247431
은평구민체육센터,생활체육관,서울특별시 은평구 진관1로 40,37.6304628,126.9235744
은평구민체육센터 골프장,골프연습장,서울특별시 은평구 진관1로 40 ,37.6304628,126.9235744
은평구민체육센터 수영장,수영장,서울특별시 은평구 진관1로 40  ,37.6304628,126.9235744
은평구민체육센터 테니스장,테니스장,서울특별시 은평구 진관1로 40,37.6304628,126.9235744
은평구생활체육광장 농구장,농구장,서울특별시 은평구 증산로5길 35-27,37.5849003,126.9038133
은평구생활체육광장 배드민턴장,배드민턴장,서울특별시 은평구 증산로5길 35-27,37.5849003,126.9038133
은평구생활체육광장 족구장,기타,서울특별시 은평구 증산로5길 35-27,37.5849003,126.9038133
은평구생활체육광장 축구장(인조잔디구장),축구장,서울특별시 은평구 증산로5길 35-27,37.5849003,126.9038133
은평구생활체육광장 풋살경기장,축구장,서울특별시 은평구 증산로5길 35-27,37.5849003,126.9038133
은평인공암벽장,기타,서울특별시 은평구 통일로 1078,37.6387399,126.9171364
은평청소년센터 수영장,수영장,서울특별시 은평구 백련산로4길 16,37.5948666,126.9246131
은평청소년센터 체육관,생활체육관,서울특별시 은평구 백련산로4길 16,37.5948666,126.9246131
은평청여울수영장,수영장,서울특별시 은평구 통일로 767,37.61356,126.9267996
은평통일로스포츠센터,생활체육관,서울특별시 은평구 통일로 1045,37.6357834,126.9165398
은평통일로스포츠센터 수영장,수영장,서울특별시 은평구 통일로 1045 ,37.6357834,126.9165398
응봉 테니스장,테니스장,서울특별시 성동구 응봉동 240-1,37.55236,127.03356
응봉공원(대현산배수지) 테니스장,테니스장,서울특별시 성동구 금호로 172-1,37.5494303,127.0263593
응봉교하단체육시설,기타,서울특별시 성동구 응봉동 234-3,37.55236,127.03356
응봉근린공원,기타,서울특별시 성동구 행당로 15,37.556331,127.0273552
응봉근린공원 배드민턴장,배드민턴장,서울특별시 성동구 독서당로63길 85,37.5536026,127.0301665
응봉근린공원 한남테니스장,테니스장,서울특별시 용산구 다산로 8-12,37.5474811,127.0039438
응봉산 인공암벽 등반시설,기타,서울특별시 성동구 독서당로60길 13-1,37.5493035,127.0311005
이문체육문화센터,생활체육관,서울특별시 동대문구 한천로58길 81-49,37.6011199,127.0686752
이촌2동 헬스장,기타,서울특별시 용산구 이촌로18길 20 ,37.5261901,126.9551442
이촌한강공원 X게임장,기타,서울특별시 용산구 이촌로72길 62,37.5193125,126.9718036
이촌한강공원 게이트볼장,기타,서울특별시 용산구 이촌동 375-1,37.52086,126.96612
이촌한강공원 농구장,농구장,서울특별시 용산구 이촌로72길 62,37.5193125,126.9718036
이촌한강공원 배구장,기타,서울특별시 용산구 이촌로72길 62,37.5193125,126.9718036
이촌한강공원 배드민턴장,배드민턴장,서울특별시 용산구 이촌로72길 62,37.5193125,126.9718036
이촌한강공원 우드볼장,기타,서울특별시 용산구 이촌로72길 62,37.5193125,126.9718036
이촌한강공원 인라인스케이트장,기타,서울특별시 용산구 이촌로72길 62,37.5193125,126.9718036
이촌한강공원 족구장,기타,서울특별시 용산구 이촌로72길 62,37.5193125,126.9718036
이촌한강공원 축구장,축구장,서울특별시 용산구 이촌로72길 62,37.5193125,126.9718036
이촌한강공원 테니스장,테니스장,서울특별시 용산구 이촌로72길 62,37.5193125,126.9718036
이촌한강공원 풋살경기장,축구장,서울특별시 용산구 이촌로72길 62,37.5193125,126.9718036
이태원2동 헬스장,기타,서울특별시 용산구 회나무로13길 58 ,37.541409,126.9898029
이태원초등학교,기타,서울특별시 용산구 녹사평대로40길 19,37.5362114,126.9882042
이화금란고등학교,기타,서울특별시 서대문구 성산로 560,37.5633158,126.943894
인왕산도시자연공원,배드민턴장,서울특별시 서대문구 봉원사길 75-66,37.570264,126.9482474
일원스포츠문화센터,생활체육관,서울특별시 강남구 영동대로 22,37.4911258,127.0736601
일자산도시자연공원 X게임장,기타,서울특별시 강동구 동남로 660,37.5522756,127.156348
일자산제1체육관,생활체육관,서울특별시 강동구 동남로 660,37.5522756,127.156348
일자산제2체육관,생활체육관,서울특별시 강동구 동남로 620,37.565911,127.1564239
자매근린공원 다목적구장,기타,서울특별시 영등포구 여의대방로 372-1,37.5180036,126.9309794
자양문화체육센터,생활체육관,서울특별시 광진구 뚝섬로52길 66,37.5302627,127.0788303
자양유수지 다목적구장,축구장,서울특별시 광진구 뚝섬로52길 74,37.5302627,127.0788303
잠실 론볼링장,기타,서울특별시 송파구 한가람로 65,37.5177899,127.0930145
잠실 제2수영장,수영장,서울특별시 송파구 올림픽로 25,37.5150262,127.0737253
잠실2동배드민턴장,배드민턴장,서울특별시 송파구 백제고분로 11,37.5158577,127.0784644
잠실6동체육시설,기타,서울특별시 송파구 오금로 20,37.520691,127.1038301
잠실7동배드민턴장,배드민턴장,서울특별시 송파구 올림픽로4길 69,37.5074868,127.0745148
잠실근린공원 농구장,농구장,서울특별시 송파구 백제고분로15길 7,37.5074695,127.084787
잠실근린공원 족구장,기타,서울특별시 송파구 백제고분로15길 7,37.5074695,127.084787
잠실실내골프연습장,골프연습장,서울특별시 송파구 올림픽로 25,37.5150262,127.0737253
잠실실내체육관,생활체육관,서울특별시 송파구 올림픽로 25,37.5150262,127.0737253
잠실유수지체육시설,기타,서울특별시 송파구 탄천동로 211,37.5132715,127.0702609
잠실제2수영장,수영장,서울특별시 송파구 올림픽로 25,37.5150262,127.0737253
잠실종합운동장 야구장,야구장,서울특별시 송파구 올림픽로 19-2 ,37.5253547,127.117511
잠실종합운동장 제1수영장,수영장,서울특별시 송파구 올림픽로 25 ,37.5150262,127.0737253
잠실종합운동장 파크골프장,골프연습장,서울특별시 송파구 올림픽로 25 ,37.5150262,127.0737253
잠실종합운동장 풋살경기장,축구장,서울특별시 송파구 올림픽로 25,37.5150262,127.0737253
잠실학생수영장,수영장,서울특별시 송파구 올림픽로 25 ,37.5150262,127.0737253
잠실한강공원 농구장,농구장,서울특별시 송파구 한가람로 65,37.5177899,127.0930145
잠실한강공원 배구장,기타,서울특별시 송파구 한가람로 65,37.5177899,127.0930145
잠실한강공원 수영장,수영장,서울특별시 송파구 한가람로 65,37.5177899,127.0930145
잠실한강공원 족구장,기타,서울특별시 송파구 한가람로 65,37.5177899,127.0930145
잠원체육시설,생활체육관,서울특별시 서초구 잠원로4길 45,37.5121269,127.0098255
잠원한강공원 수영장,수영장,서울특별시 서초구 잠원로 145-57,37.5173689,127.0118869
장군봉근린공원 배드민턴장,배드민턴장,서울특별시 관악구 장군봉길 92-40,37.4803957,126.9390705
장군봉체육관,배드민턴장,서울특별시 관악구 남부순환로194길 81-12,37.4819991,126.9343757
장미동산 게이트볼장,기타,서울특별시 은평구 진흥로 290,37.6062181,126.922506
장미동산 테니스장,테니스장,서울특별시 은평구 진흥로 290,37.6062181,126.922506
장안근린공원 농구장,농구장,서울특별시 동대문구 장한로 191,37.5693989,127.0698815
장안근린공원 배드민턴장,배드민턴장,서울특별시 동대문구 장한로 191,37.5693989,127.0698815
장안근린공원 테니스장,테니스장,서울특별시 동대문구 장한로 191,37.5693989,127.0698815
장위건강누림센터,생활체육관,서울특별시 성북구 장위로21나길 18,37.616034,127.0449722
장위초등학교,기타,서울특별시 성북구 장월로8가길 41,37.6112252,127.0491771
장충고등학교,기타,서울특별시 중구 동호로15길 93,37.5560574,127.0091221
장충체육관,생활체육관,서울특별시 중구 동호로 241,37.5581698,127.0067954
장평테니스장,테니스장,서울특별시 동대문구 장안벚꽃로 67 ,37.5855936,127.0716082
전동초등학교,기타,서울특별시 동대문구 전농로16길 61,37.5781996,127.0612078
정목초등학교,기타,서울특별시 양천구 목동중앙로3길 30-10,37.5374245,126.8705443
정원여자중학교,기타,서울특별시 서대문구 연희로37안길 51,37.5840993,126.9342499
조원생활스포츠센터,기타,서울특별시 관악구 조원로 25,37.4837351,126.9093712
종로구립탁구장,기타,서울특별시 종로구 송월길 154,37.57192,126.9619309
종로구민회관,생활체육관,서울특별시 종로구 지봉로5길 7-5,37.5753951,127.014215
종로구민회관 수영장,수영장,서울특별시 종로구 지봉로5길 7-5 ,37.5753951,127.014215
종로문화체육센터,생활체육관,서울특별시 종로구 인왕산로1길 21,37.5738924,126.9635982
종로문화체육센터 수영장,수영장,서울특별시 종로구 인왕산로1길 21 ,37.5738924,126.9635982
종합행정타운 체력단련실,생활체육관,서울특별시 용산구 녹사평대로 150 ,37.532527,126.99049
중경고등학교,기타,서울특별시 용산구 이촌1동 이촌로84길 34,37.518066,126.9766674
중계구민체육센터,생활체육관,서울특별시 노원구 노원로22길 1,37.6476476,127.0721259
중곡문화체육센터,생활체육관,서울특별시 광진구 능동로 433 ,37.5537095,127.0780498
중곡문화체육센터 수영장,수영장,서울특별시 광진구 능동로 433 ,37.5537095,127.0780498
중랑구립잔디운동장,축구장,서울특별시 중랑구 송림길 200,37.5992636,127.0951727
중랑구립테니스장,테니스장,서울특별시 중랑구 구리포천고속도로 3,37.6067253,127.1148119
중랑문화체육관,생활체육관,서울특별시 중랑구 사가정로72길 47,37.579754,127.0947951
중랑문화체육관 수영장,수영장,서울특별시 중랑구 사가정로72길 47 ,37.579754,127.0947951
중랑물재생센터 배드민턴장,배드민턴장,서울특별시 성동구 자동차시장3길 64 ,37.5563576,127.0609454
중랑물재생센터 족구장,기타,서울특별시 성동구 자동차시장3길 64,37.5563576,127.0609454
중랑물재생센터 축구장,축구장,서울특별시 성동구 자동차시장3길 64,37.5563576,127.0609454
중랑물재생센터 테니스장,테니스장,서울특별시 성동구 자동차시장3길 64,37.5563576,127.0609454
중랑물재생센터 파크골프장,골프연습장,서울특별시 성동구 자동차시장3길 64,37.5563576,127.0609454
중랑물재생센터 풋살경기장,축구장,서울특별시 성동구 자동차시장3길 64,37.5563576,127.0609454
중랑스포츠클라이밍경기장,기타,서울특별시 중랑구 용마산로 250-12,37.587697,127.095871
중랑워터파크,수영장,서울특별시 동대문구 장안벚꽃로 214,37.5855936,127.0716082
중랑천 제1 ? 4체육공원 게이트볼장,기타,서울특별시 동대문구 장안벚꽃로 74,37.5855936,127.0716082
중랑천 중랑구립 파크골프장,골프연습장,서울특별시 중랑구 동일로157길 75,37.6096586,127.0754332
중랑천 체육공원 게이트볼장,기타,서울특별시 광진구 동일로 399,37.5376859,127.0619948
중랑천 체육공원 농구장,농구장,서울특별시 광진구 동일로 399,37.5376859,127.0619948
중랑천 체육공원 배드민턴장,배드민턴장,서울특별시 광진구 동일로 399,37.5376859,127.0619948
중랑천 체육공원 족구장,기타,서울특별시 광진구 동일로 399,37.5376859,127.0619948
중랑천 파크골프장,골프연습장,서울특별시 도봉구 마들로 932,37.6623169,127.0457766
중랑천 파크골프장,골프연습장,서울특별시 노원구 월계동 230-10  ,37.6289,127.0567
중랑천변 국궁장 살곶이정,기타,서울특별시 성동구 용답동 241-10,37.5613328,127.0580146
중랑천워터파크,수영장,서울특별시 노원구 상계동 770-6,37.66727,127.07242
중랑천제1체육공원 인라인스케이트장,기타,서울특별시 동대문구 장안동,37.57105,127.06806
중랑천제1체육공원 테니스장,테니스장,서울특별시 동대문구 장안벚꽃로 74,37.5855936,127.0716082
중랑천제1체육공원 파크골프장,골프연습장,서울특별시 동대문구 장안벚꽃로 74,37.5855936,127.0716082
중랑천제5체육공원풋살장,축구장,서울특별시 동대문구 한천로 472,37.6023735,127.0675586
중랑청소년센터,생활체육관,서울특별시 중랑구 용마산로 217,37.573274,127.0860471
중랑청소년센터 골프연습장,골프연습장,서울특별시 중랑구 용마산로 217,37.573274,127.0860471
중평중학교,기타,서울특별시 노원구 동일로203길 87,37.6376044,127.0629736
중현초등학교,기타,서울특별시 노원구 섬밭로 181,37.6443269,127.0630994
증산동 풋살경기장,축구장,서울특별시 은평구 증산로5길 35-27,37.5849003,126.9038133
증산초등학교,기타,서울특별시 은평구 증산서길 61,37.5840386,126.9070339
진관근린공원 게이트볼장,기타,서울특별시 은평구 진관4로 78-49,37.6482977,126.9304101
진관동 풋살경기장,축구장,서울특별시 은평구 진관동 246-20 ,37.6421169,126.9354305
창동생활체육테니스장,테니스장,서울특별시 도봉구 창동 1-24,37.64643,127.04326
창동중학교,기타,서울특별시 도봉구 방학로 32,37.6637257,127.0381108
창릉천 다목적구장,생활체육관,서울특별시 은평구 진관3로 77,37.6438115,126.9212641
창일중학교,기타,서울특별시 도봉구 창동 노해로66길 60,37.6467583,127.0475313
천마공원 축구장,축구장,서울특별시 송파구 성내천로29길 32,37.5012618,127.1525241
청계초등학교,기타,서울특별시 노원구 공릉로 431,37.6449677,127.0658801
청구교육문화관,생활체육관,서울특별시 중구 다산로 170,37.556225,127.0121012
청구교육문화관 수영장,수영장,서울특별시 중구 다산로 170,37.556225,127.0121012
청구초등학교,기타,서울특별시 중구 다산로 170,37.556225,127.0121012
청운초등학교,기타,서울특별시 종로구 자하문로 105,37.5857308,126.9695124
청파1동 헬스장,기타,서울특별시 용산구 청파로93길 27 ,37.5539983,126.9672648
초당초등학교,기타,서울특별시 도봉구 해등로32길 11,37.6585879,127.0224833
초안산 창골운동장 축구장,축구장,서울특별시 도봉구 해등로3길 48-11,37.6468721,127.041772
초안산 창골운동장 풋살구장,축구장,서울특별시 도봉구 해등로3길 48-11,37.6468721,127.041772
충무스포츠센터,생활체육관,서울특별시 중구 퇴계로 387,37.5656896,127.0147355
치현초등학교,기타,서울특별시 강서구 방화대로47길 43,37.5761622,126.8150312
탄천 파크골프장,골프연습장,서울특별시 강남구 밤고개로27길 9-13,37.4712585,127.1090738
탄천물재생센터,기타,서울특별시 강남구 개포로 625,37.4872512,127.0617613
탄천유수지체육시설,생활체육관,서울특별시 송파구 삼학사로2길 49,37.4960746,127.0997421
태릉선수촌 국제스케이트장,기타,서울특별시 노원구 화랑로 727,37.6306279,127.0969407
태릉선수촌 실내빙상장,기타,서울특별시 노원구 화랑로 681,37.6302118,127.0974192
태화기독교사회복지관,골프연습장,서울특별시 강남구 광평로 185,37.4878236,127.1033947
태화기독교사회복지관,수영장,서울특별시 강남구 광평로 185 ,37.4878236,127.1033947
파리공원 농구장,농구장,서울특별시 양천구 목동동로 363,37.5140856,126.8570498
포이초등학교,기타,서울특별시 강남구 개포로22길 87,37.4756705,127.0524703
포이테니스장,테니스장,서울특별시 강남구 개포동 1274,37.48421,127.07006
풍납게이트볼장,기타,서울특별시 송파구 풍성로23길 1,37.5354971,127.1199386
풍납배드민턴장,배드민턴장,서울특별시 송파구 풍납동 310-17,37.53387,127.11094
풍납족구장,기타,서울특별시 송파구 올림픽로43길 88,37.5263041,127.1096013
하계중학교,기타,서울특별시 노원구 노원로 261-8,37.6607102,127.0624961
한강다목적운동장 족구장,기타,경기도 고양시 덕양구 자유로 8-1,37.5855007,126.8474806
한강다목적운동장 축구장,축구장,경기도 고양시 덕양구 자유로 8-1,37.5855007,126.8474806
한강로소규모체육센터,생활체육관,서울특별시 용산구 이촌로29길 20,37.5246601,126.9600356
한강로피트니스센터,생활체육관,서울특별시 용산구 서빙고로 17 ,37.5255234,126.9687515
한남동 헬스장,기타,서울특별시 용산구 대사관로5길 1 ,37.5346239,127.0005161
한남제천 헬스장,기타,서울특별시 용산구 대사관로34길 49 ,37.5316672,127.0057043
한내근린공원 농구장,농구장,서울특별시 노원구 마들로 86,37.624737,127.0678469
한내근린공원 배드민턴장,배드민턴장,서울특별시 노원구 마들로 86,37.624737,127.0678469
한전아트센터 스포츠클럽,생활체육관,서울특별시 서초구 효령로72길 60,37.4858068,127.0280123
항동생활체육관,생활체육관,서울특별시 구로구 항동로 24 ,37.4788265,126.8253187
항동생활체육관 볼링장,기타,서울특별시 구로구 항동로 24 ,37.4788265,126.8253187
해누리체육공원,기타,서울특별시 양천구 안양천로 711,37.545866,126.8818371
해누리체육공원 축구장,축구장,서울특별시 양천구 안양천로 711,37.545866,126.8818371
해누리체육공원 풋살구장,축구장,서울특별시 양천구 안양천로 711,37.545866,126.8818371
해마루축구장,축구장,서울특별시 양천구 안양천로 812,37.545866,126.8818371
해오름스포츠센터(해오름휘트니스센터),생활체육관,서울특별시 성북구 성북로4길 52,37.5946336,127.0112729
행복어린이공원 배드민턴장,배드민턴장,서울특별시 강남구 헌릉로569길 25,37.4670385,127.0980066
향림근린공원 실내체육관,생활체육관,서울특별시 은평구 통일로94길 35-1,37.6274597,126.9218777
향림근린공원 축구장,축구장,서울특별시 은평구 통일로94길 35-1,37.6274597,126.9218777
향림근린공원 테니스장,테니스장,서울특별시 은평구 통일로94길 35-1,37.6274597,126.9218777
홍연초등학교,기타,서울특별시 서대문구 백련사길 55,37.580739,126.9328558
홍제 농구장,농구장,서울특별시 서대문구 홍제동 280-9,37.5871,126.94676
홍제게이트볼장,기타,서울특별시 서대문구 홍제3동 278-14,37.5937441,126.9519816
홍제배드민턴장,배드민턴장,서울특별시 서대문구 홍제동 280-9 ,37.5871,126.94676
홍제초등학교,기타,서울특별시 서대문구 홍은중앙로 13,37.5992489,126.9488149
화곡배수지다목적체육관,생활체육관,서울특별시 강서구 초록마을로15길 81,37.5420831,126.8527915
황금내근린공원 농구장,농구장,서울특별시 강서구 허준로 221-40,37.5652746,126.8535207
황금내근린공원 배드민턴장,배드민턴장,서울특별시 강서구 허준로 221-40,37.5652746,126.8535207
황금내근린공원 족구장,기타,서울특별시 강서구 허준로 221-40,37.5652746,126.8535207
황금내근린공원 테니스장,테니스장,서울특별시 강서구 허준로 221-40,37.5652746,126.8535207
황금내근린공원 풋살장,축구장,서울특별시 강서구 허준로 221-40,37.5652746,126.8535207
황학정,기타,서울특별시 종로구 사직로9길 15-32,37.5761741,126.966555
효창근린공원 농구장,농구장,서울특별시 용산구 효창원로 177-18,37.5444455,126.9623326
효창근린공원 배드민턴장,배드민턴장,서울특별시 용산구 효창원로 177-18,37.5444455,126.9623326
효창운동장,축구장,서울특별시 용산구 효창동 효창원로 177-15,37.5435131,126.9603523
효창종합사회복지관 수영장,수영장,서울특별시 용산구 효창원로 146-12 ,37.5414226,126.9631615
효창종합사회복지관 체육관,생활체육관,서울특별시 용산구 효창원로 146-12,37.5414226,126.9631615
훈련원공원종합체육관,생활체육관,서울특별시 중구 을지로 227 ,37.5669291,127.0043893
흑석체육센터,생활체육관,서울특별시 동작구 현충로 73,37.5100549,126.9634569
흑석체육센터 수영장,수영장,서울특별시 동작구 동작구 현충로 73 ,37.5100549,126.9634569
